[
  {
    "id": 101,
    "host": "WIN-010",
    "user": "it.admin",
    "parent_process": "explorer.exe",
    "process": "powershell.exe",
    "command_line": "powershell.exe -ExecutionPolicy Bypass -File C:\\IT\\scripts\\cleanup.ps1",
    "behavior": "Administrative maintenance script executed",
    "timestamp": "2025-06-21T08:30:01"
  },
  {
    "id": 102,
    "host": "WIN-010",
    "process": "powershell.exe",
    "network_connection": {
      "destination_domain": "windowsupdate.microsoft.com",
      "destination_port": 443
    },
    "behavior": "Update check",
    "timestamp": "2025-06-21T08:30:07"
  },
  {
    "id": 103,
    "host": "WIN-015",
    "user": "backup.service",
    "process": "robocopy.exe",
    "command_line": "robocopy C:\\Data \\\\BACKUP01\\Daily /MIR",
    "behavior": "Scheduled backup job",
    "timestamp": "2025-06-21T01:00:02"
  },
  {
    "id": 104,
    "host": "WIN-022",
    "process": "svchost.exe",
    "behavior": "Windows service network communication",
    "network_connection": {
      "destination_ip": "13.107.4.50",
      "destination_port": 443
    },
    "timestamp": "2025-06-21T10:11:32"
  },
  {
    "id": 105,
    "host": "WIN-030",
    "user": "finance.user",
    "process": "winword.exe",
    "behavior": "Document opened",
    "details": "No macro execution detected",
    "timestamp": "2025-06-21T09:45:12"
  },
  {
    "id": 106,
    "host": "WIN-030",
    "process": "explorer.exe",
    "behavior": "DLL loaded from system directory",
    "file_path": "C:\\Windows\\System32\\printui.dll",
    "timestamp": "2025-06-21T09:45:14"
  },
  {
    "id": 107,
    "host": "WIN-044",
    "process": "wmic.exe",
    "command_line": "wmic product get name,version",
    "behavior": "Inventory collection",
    "timestamp": "2025-06-21T11:02:09"
  },
  {
    "id": 108,
    "host": "WIN-044",
    "process": "cmd.exe",
    "command_line": "cmd.exe /c ipconfig /all",
    "behavior": "Local troubleshooting command",
    "timestamp": "2025-06-21T11:02:14"
  },
  {
    "id": 109,
    "host": "WIN-050",
    "process": "msiexec.exe",
    "behavior": "Software installation",
    "details": "Adobe Reader update",
    "timestamp": "2025-06-21T14:22:01"
  },
  {
    "id": 110,
    "host": "WIN-050",
    "process": "msiexec.exe",
    "network_connection": {
      "destination_domain": "ardownload2.adobe.com",
      "destination_port": 443
    },
    "behavior": "Vendor update download",
    "timestamp": "2025-06-21T14:22:05"
  },
  {
    "id": 111,
    "host": "WIN-060",
    "user": "hr.user",
    "process": "chrome.exe",
    "behavior": "User browsing",
    "details": "Accessed internal HR portal",
    "timestamp": "2025-06-21T10:05:44"
  },
  {
    "id": 112,
    "host": "WIN-060",
    "process": "chrome.exe",
    "network_connection": {
      "destination_domain": "intranet.company.local",
      "destination_port": 443
    },
    "timestamp": "2025-06-21T10:05:46"
  },
  {
    "id": 113,
    "host": "WIN-071",
    "process": "taskeng.exe",
    "behavior": "Scheduled task execution",
    "details": "Daily disk cleanup",
    "timestamp": "2025-06-21T02:00:01"
  },
  {
    "id": 114,
    "host": "WIN-071",
    "process": "cleanmgr.exe",
    "behavior": "Disk cleanup utility executed",
    "timestamp": "2025-06-21T02:00:03"
  },
  {
    "id": 115,
    "host": "WIN-081",
    "process": "explorer.exe",
    "behavior": "USB storage mounted",
    "details": "Company-issued encrypted USB",
    "timestamp": "2025-06-21T16:12:09"
  },
  {
    "id": 116,
    "host": "WIN-081",
    "process": "explorer.exe",
    "behavior": "Executable blocked by policy",
    "details": "Application Control prevented execution",
    "timestamp": "2025-06-21T16:12:14"
  },
  {
    "id": 117,
    "host": "WIN-090",
    "process": "svchost.exe",
    "behavior": "Time synchronization",
    "network_connection": {
      "destination_domain": "time.windows.com",
      "destination_port": 123
    },
    "timestamp": "2025-06-21T03:00:00"
  },
  {
    "id": 118,
    "host": "WIN-095",
    "process": "explorer.exe",
    "behavior": "User logon",
    "timestamp": "2025-06-21T08:58:22"
  },
  {
    "id": 119,
    "host": "WIN-095",
    "process": "OneDrive.exe",
    "behavior": "File synchronization",
    "network_connection": {
      "destination_domain": "sync.onedrive.live.com",
      "destination_port": 443
    },
    "timestamp": "2025-06-21T08:58:31"
  },
  {
    "id": 120,
    "host": "WIN-100",
    "process": "sccmexec.exe",
    "behavior": "Endpoint management activity",
    "details": "Patch deployment",
    "timestamp": "2025-06-21T22:00:01"
  }
]

