[
  {
    "id": 101,
    "host": "WIN-012",
    "user": "finance.a",
    "delivery_channel": "Email",
    "sender": "finance@partner-company.com",
    "subject": "Monthly budget draft",
    "attachment_name": "Budget_Draft_June.docm",
    "attachment_type": "docm",
    "user_action": "Attachment opened",
    "office_behavior": "Macro present but not executed",
    "parent_process": "OUTLOOK.EXE",
    "spawned_process": "WINWORD.EXE",
    "timestamp": "2025-06-20T16:11:03"
  },
  {
    "id": 102,
    "host": "WIN-018",
    "user": "legal.s",
    "delivery_channel": "Email",
    "sender": "contracts@trusted-lawfirm.com",
    "subject": "Contract revision – final",
    "attachment_name": "Contract_Final.doc",
    "attachment_type": "doc",
    "user_action": "Attachment opened",
    "office_behavior": "Protected View enabled",
    "parent_process": "OUTLOOK.EXE",
    "spawned_process": "WINWORD.EXE",
    "timestamp": "2025-06-20T17:02:44"
  },
  {
    "id": 103,
    "host": "WIN-022",
    "user": "hr.manager",
    "delivery_channel": "Email",
    "sender": "hr@company.com",
    "subject": "Employee onboarding form",
    "attachment_name": "Onboarding_Form.docm",
    "attachment_type": "docm",
    "user_action": "Attachment opened",
    "office_behavior": "Digitally signed macro",
    "parent_process": "OUTLOOK.EXE",
    "spawned_process": "WINWORD.EXE",
    "timestamp": "2025-06-20T09:18:21"
  },
  {
    "id": 104,
    "host": "WIN-028",
    "user": "operations.t",
    "delivery_channel": "Email",
    "sender": "scanner@office-printer.local",
    "subject": "Scanned document",
    "attachment_name": "Scan_20062025.pdf",
    "attachment_type": "pdf",
    "user_action": "Attachment opened",
    "office_behavior": "PDF opened in default viewer",
    "parent_process": "OUTLOOK.EXE",
    "spawned_process": "AcroRd32.exe",
    "timestamp": "2025-06-20T10:44:09"
  },
  {
    "id": 105,
    "host": "WIN-035",
    "user": "sales.m",
    "delivery_channel": "Email",
    "sender": "sales@partner-vendor.com",
    "subject": "Updated price list",
    "attachment_name": "Price_List_2025.xlsx",
    "attachment_type": "xlsx",
    "user_action": "Attachment opened",
    "office_behavior": "No macro content",
    "parent_process": "OUTLOOK.EXE",
    "spawned_process": "EXCEL.EXE",
    "timestamp": "2025-06-20T11:26:52"
  },
  {
    "id": 106,
    "host": "WIN-041",
    "user": "it.admin",
    "delivery_channel": "Email",
    "sender": "monitoring@company.com",
    "subject": "Weekly system health report",
    "attachment_name": "System_Report_Week25.html",
    "attachment_type": "html",
    "user_action": "Attachment opened",
    "office_behavior": "Local HTML rendered",
    "parent_process": "OUTLOOK.EXE",
    "spawned_process": "chrome.exe",
    "timestamp": "2025-06-20T08:15:03"
  },
  {
    "id": 107,
    "host": "WIN-047",
    "user": "project.p",
    "delivery_channel": "Teams",
    "sender": "project.lead@company.com",
    "subject": "Sprint planning notes",
    "attachment_name": "Sprint_Notes.docx",
    "attachment_type": "docx",
    "user_action": "File opened",
    "office_behavior": "No active content",
    "parent_process": "ms-teams.exe",
    "spawned_process": "WINWORD.EXE",
    "timestamp": "2025-06-20T13:04:37"
  },
  {
    "id": 108,
    "host": "WIN-052",
    "user": "engineering.l",
    "delivery_channel": "Email",
    "sender": "noreply@github.com",
    "subject": "Security alert: new login detected",
    "attachment_name": "N/A",
    "attachment_type": "link",
    "user_action": "Link opened",
    "office_behavior": "Browser opened trusted domain",
    "parent_process": "OUTLOOK.EXE",
    "spawned_process": "chrome.exe",
    "timestamp": "2025-06-20T14:22:11"
  },
  {
    "id": 109,
    "host": "WIN-063",
    "user": "marketing.k",
    "delivery_channel": "Email",
    "sender": "newsletter@marketing-platform.com",
    "subject": "June campaign performance",
    "attachment_name": "Campaign_Report.pdf",
    "attachment_type": "pdf",
    "user_action": "Attachment opened",
    "office_behavior": "PDF opened normally",
    "parent_process": "OUTLOOK.EXE",
    "spawned_process": "AcroRd32.exe",
    "timestamp": "2025-06-20T15:48:56"
  },
  {
    "id": 110,
    "host": "WIN-070",
    "user": "support.j",
    "delivery_channel": "Email",
    "sender": "alerts@backup-vendor.com",
    "subject": "Backup completed successfully",
    "attachment_name": "Backup_Report.zip",
    "attachment_type": "zip",
    "user_action": "Attachment downloaded",
    "office_behavior": "Archive not extracted",
    "parent_process": "OUTLOOK.EXE",
    "timestamp": "2025-06-20T02:01:09"
  }
]

