[
  {
    "id": 1,
    "host": "WIN-023",
    "user": "captain.k",
    "delivery_channel": "Email",
    "sender": "logistics@external-mail.com",
    "subject": "Updated delivery schedule",
    "attachment_name": "Delivery_Update_21-06.doc",
    "attachment_type": "doc",
    "user_action": "Attachment opened",
    "office_behavior": "Macros enabled by user",
    "parent_process": "OUTLOOK.EXE",
    "spawned_process": "WINWORD.EXE",
    "timestamp": "2025-06-21T08:55:12"
  },
  {
    "id": 2,
    "host": "WIN-031",
    "user": "finance.m",
    "delivery_channel": "Email",
    "sender": "billing@partner-company.com",
    "subject": "Outstanding invoice Q2",
    "attachment_name": "Invoice_Q2_8841.docm",
    "attachment_type": "docm",
    "user_action": "Attachment opened",
    "office_behavior": "Macro executed without prompt",
    "parent_process": "OUTLOOK.EXE",
    "spawned_process": "WINWORD.EXE",
    "timestamp": "2025-06-21T09:02:41"
  },
  {
    "id": 3,
    "host": "WIN-044",
    "user": "operations.s",
    "delivery_channel": "Signal Desktop",
    "sender": "+380*********",
    "subject": "Urgent document",
    "attachment_name": "СЛУЖБОВА_ЗАПИСКА.doc",
    "attachment_type": "doc",
    "user_action": "File downloaded and opened",
    "office_behavior": "Protected View disabled",
    "parent_process": "Signal.exe",
    "spawned_process": "WINWORD.EXE",
    "timestamp": "2025-06-21T09:10:18"
  },
  {
    "id": 4,
    "host": "WIN-044",
    "user": "operations.s",
    "delivery_channel": "Signal Desktop",
    "sender": "+380*********",
    "subject": "Follow-up document",
    "attachment_name": "ДОДАТОК_1.doc",
    "attachment_type": "doc",
    "user_action": "Macros manually enabled",
    "office_behavior": "VBA executed",
    "parent_process": "WINWORD.EXE",
    "spawned_process": "cmd.exe",
    "timestamp": "2025-06-21T09:10:26"
  },
  {
    "id": 5,
    "host": "WIN-056",
    "user": "hr.a",
    "delivery_channel": "Email",
    "sender": "hr-support@external-portal.com",
    "subject": "Updated employee policy",
    "attachment_name": "Policy_Update_2025.doc",
    "attachment_type": "doc",
    "user_action": "Attachment opened",
    "office_behavior": "Macro warning bypassed",
    "parent_process": "OUTLOOK.EXE",
    "spawned_process": "WINWORD.EXE",
    "timestamp": "2025-06-21T09:18:03"
  },
  {
    "id": 6,
    "host": "WIN-056",
    "user": "hr.a",
    "delivery_channel": "Email",
    "sender": "hr-support@external-portal.com",
    "subject": "Security verification required",
    "attachment_name": "Verification_Form.docm",
    "attachment_type": "docm",
    "user_action": "Attachment opened",
    "office_behavior": "Macro executed",
    "parent_process": "WINWORD.EXE",
    "spawned_process": "powershell.exe",
    "timestamp": "2025-06-21T09:18:11"
  },
  {
    "id": 7,
    "host": "WIN-067",
    "user": "it.support",
    "delivery_channel": "Email",
    "sender": "scanner@office-printer.local",
    "subject": "Scanned document",
    "attachment_name": "Scan_21062025.doc",
    "attachment_type": "doc",
    "user_action": "Attachment opened",
    "office_behavior": "External template loaded",
    "parent_process": "OUTLOOK.EXE",
    "spawned_process": "WINWORD.EXE",
    "timestamp": "2025-06-21T09:24:55"
  },
  {
    "id": 8,
    "host": "WIN-067",
    "user": "it.support",
    "delivery_channel": "Email",
    "sender": "scanner@office-printer.local",
    "subject": "Scanned document",
    "attachment_name": "Scan_21062025.doc",
    "attachment_type": "doc",
    "user_action": "Content enabled",
    "office_behavior": "Remote template fetched over HTTP",
    "parent_process": "WINWORD.EXE",
    "spawned_process": "powershell.exe",
    "timestamp": "2025-06-21T09:25:03"
  },
  {
    "id": 9,
    "host": "WIN-078",
    "user": "logistics.p",
    "delivery_channel": "Email",
    "sender": "delivery@fast-shipping.net",
    "subject": "Delivery issue – action required",
    "attachment_name": "Delivery_Issue.docm",
    "attachment_type": "docm",
    "user_action": "Attachment opened",
    "office_behavior": "Macro executed",
    "parent_process": "OUTLOOK.EXE",
    "spawned_process": "WINWORD.EXE",
    "timestamp": "2025-06-21T09:33:44"
  },
  {
    "id": 10,
    "host": "WIN-078",
    "user": "logistics.p",
    "delivery_channel": "Email",
    "sender": "delivery@fast-shipping.net",
    "subject": "Delivery issue – action required",
    "attachment_name": "Delivery_Issue.docm",
    "attachment_type": "docm",
    "user_action": "Macros enabled",
    "office_behavior": "WINWORD spawned cmd.exe",
    "parent_process": "WINWORD.EXE",
    "spawned_process": "cmd.exe",
    "timestamp": "2025-06-21T09:33:51"
  }
]

