[
  {
    "id": 8,
    "host": "WIN-067",
    "user": "it.support",
    "delivery_channel": "Email",
    "sender": "scanner@office-printer.local",
    "subject": "Scanned document",
    "attachment_name": "Scan_21062025.doc",
    "attachment_type": "doc",
    "user_action": "Content enabled",
    "office_behavior": "Remote template fetched over HTTP",
    "parent_process": "WINWORD.EXE",
    "spawned_process": "powershell.exe",
    "timestamp": "2025-06-21T09:25:03",
    "_source": "phishing_true",
    "analyst_decision": "TRUE",
    "decision_time": "2026-01-12T12:47:28.279778Z"
  },
  {
    "id": 117,
    "host": "WIN-090",
    "process": "svchost.exe",
    "behavior": "Time synchronization",
    "network_connection": {
      "destination_domain": "time.windows.com",
      "destination_port": 123
    },
    "timestamp": "2025-06-21T03:00:00",
    "analyst_decision": "TRUE",
    "decision_time": "2026-01-12T12:50:53.253099Z"
  },
  {
    "id": 110,
    "host": "WIN-050",
    "process": "msiexec.exe",
    "network_connection": {
      "destination_domain": "ardownload2.adobe.com",
      "destination_port": 443
    },
    "behavior": "Vendor update download",
    "timestamp": "2025-06-21T14:22:05",
    "analyst_decision": "TRUE",
    "decision_time": "2026-01-12T12:50:54.287448Z"
  },
  {
    "id": 120,
    "host": "WIN-100",
    "process": "sccmexec.exe",
    "behavior": "Endpoint management activity",
    "details": "Patch deployment",
    "timestamp": "2025-06-21T22:00:01",
    "analyst_decision": "TRUE",
    "decision_time": "2026-01-12T12:50:54.768437Z"
  },
  {
    "id": 116,
    "host": "WIN-081",
    "process": "explorer.exe",
    "behavior": "Executable blocked by policy",
    "details": "Application Control prevented execution",
    "timestamp": "2025-06-21T16:12:14",
    "analyst_decision": "TRUE",
    "decision_time": "2026-01-12T12:50:55.132405Z"
  },
  {
    "id": 102,
    "host": "WIN-010",
    "process": "powershell.exe",
    "network_connection": {
      "destination_domain": "windowsupdate.microsoft.com",
      "destination_port": 443
    },
    "behavior": "Update check",
    "timestamp": "2025-06-21T08:30:07",
    "analyst_decision": "TRUE",
    "decision_time": "2026-01-12T12:50:55.468414Z"
  },
  {
    "id": 102,
    "host": "WIN-018",
    "user": "legal.s",
    "delivery_channel": "Email",
    "sender": "contracts@trusted-lawfirm.com",
    "subject": "Contract revision – final",
    "attachment_name": "Contract_Final.doc",
    "attachment_type": "doc",
    "user_action": "Attachment opened",
    "office_behavior": "Protected View enabled",
    "parent_process": "OUTLOOK.EXE",
    "spawned_process": "WINWORD.EXE",
    "timestamp": "2025-06-20T17:02:44",
    "analyst_decision": "TRUE",
    "decision_time": "2026-01-12T12:50:55.814389Z"
  },
  {
    "id": 101,
    "host": "WIN-012",
    "user": "finance.a",
    "delivery_channel": "Email",
    "sender": "finance@partner-company.com",
    "subject": "Monthly budget draft",
    "attachment_name": "Budget_Draft_June.docm",
    "attachment_type": "docm",
    "user_action": "Attachment opened",
    "office_behavior": "Macro present but not executed",
    "parent_process": "OUTLOOK.EXE",
    "spawned_process": "WINWORD.EXE",
    "timestamp": "2025-06-20T16:11:03",
    "analyst_decision": "TRUE",
    "decision_time": "2026-01-12T12:50:55.989610Z"
  },
  {
    "id": 2,
    "host": "WIN-031",
    "user": "finance.m",
    "delivery_channel": "Email",
    "sender": "billing@partner-company.com",
    "subject": "Outstanding invoice Q2",
    "attachment_name": "Invoice_Q2_8841.docm",
    "attachment_type": "docm",
    "user_action": "Attachment opened",
    "office_behavior": "Macro executed without prompt",
    "parent_process": "OUTLOOK.EXE",
    "spawned_process": "WINWORD.EXE",
    "timestamp": "2025-06-21T09:02:41",
    "analyst_decision": "TRUE",
    "decision_time": "2026-01-12T12:50:56.137844Z"
  },
  {
    "id": 109,
    "host": "WIN-050",
    "process": "msiexec.exe",
    "behavior": "Software installation",
    "details": "Adobe Reader update",
    "timestamp": "2025-06-21T14:22:01",
    "analyst_decision": "TRUE",
    "decision_time": "2026-01-12T12:50:56.274147Z"
  },
  {
    "id": 103,
    "host": "WIN-015",
    "user": "backup.service",
    "process": "robocopy.exe",
    "command_line": "robocopy C:\\Data \\\\BACKUP01\\Daily /MIR",
    "behavior": "Scheduled backup job",
    "timestamp": "2025-06-21T01:00:02",
    "analyst_decision": "TRUE",
    "decision_time": "2026-01-12T12:50:56.414541Z"
  },
  {
    "id": 108,
    "host": "WIN-052",
    "user": "engineering.l",
    "delivery_channel": "Email",
    "sender": "noreply@github.com",
    "subject": "Security alert: new login detected",
    "attachment_name": "N/A",
    "attachment_type": "link",
    "user_action": "Link opened",
    "office_behavior": "Browser opened trusted domain",
    "parent_process": "OUTLOOK.EXE",
    "spawned_process": "chrome.exe",
    "timestamp": "2025-06-20T14:22:11",
    "analyst_decision": "TRUE",
    "decision_time": "2026-01-12T12:50:56.607402Z"
  },
  {
    "id": 6,
    "host": "WIN-056",
    "user": "hr.a",
    "delivery_channel": "Email",
    "sender": "hr-support@external-portal.com",
    "subject": "Security verification required",
    "attachment_name": "Verification_Form.docm",
    "attachment_type": "docm",
    "user_action": "Attachment opened",
    "office_behavior": "Macro executed",
    "parent_process": "WINWORD.EXE",
    "spawned_process": "powershell.exe",
    "timestamp": "2025-06-21T09:18:11",
    "analyst_decision": "TRUE",
    "decision_time": "2026-01-12T12:50:56.756379Z"
  },
  {
    "id": 7,
    "host": "WIN-067",
    "user": "it.support",
    "delivery_channel": "Email",
    "sender": "scanner@office-printer.local",
    "subject": "Scanned document",
    "attachment_name": "Scan_21062025.doc",
    "attachment_type": "doc",
    "user_action": "Attachment opened",
    "office_behavior": "External template loaded",
    "parent_process": "OUTLOOK.EXE",
    "spawned_process": "WINWORD.EXE",
    "timestamp": "2025-06-21T09:24:55",
    "analyst_decision": "TRUE",
    "decision_time": "2026-01-12T12:50:56.887990Z"
  },
  {
    "id": 112,
    "host": "WIN-060",
    "process": "chrome.exe",
    "network_connection": {
      "destination_domain": "intranet.company.local",
      "destination_port": 443
    },
    "timestamp": "2025-06-21T10:05:46",
    "analyst_decision": "TRUE",
    "decision_time": "2026-01-12T12:50:57.014947Z"
  },
  {
    "id": 105,
    "host": "WIN-035",
    "user": "sales.m",
    "delivery_channel": "Email",
    "sender": "sales@partner-vendor.com",
    "subject": "Updated price list",
    "attachment_name": "Price_List_2025.xlsx",
    "attachment_type": "xlsx",
    "user_action": "Attachment opened",
    "office_behavior": "No macro content",
    "parent_process": "OUTLOOK.EXE",
    "spawned_process": "EXCEL.EXE",
    "timestamp": "2025-06-20T11:26:52",
    "analyst_decision": "TRUE",
    "decision_time": "2026-01-12T12:50:57.152546Z"
  },
  {
    "id": 118,
    "host": "WIN-095",
    "process": "explorer.exe",
    "behavior": "User logon",
    "timestamp": "2025-06-21T08:58:22",
    "analyst_decision": "TRUE",
    "decision_time": "2026-01-12T12:50:57.267016Z"
  },
  {
    "id": 105,
    "host": "WIN-030",
    "user": "finance.user",
    "process": "winword.exe",
    "behavior": "Document opened",
    "details": "No macro execution detected",
    "timestamp": "2025-06-21T09:45:12",
    "analyst_decision": "TRUE",
    "decision_time": "2026-01-12T12:53:33.015958Z"
  },
  {
    "id": 5,
    "host": "WIN-056",
    "user": "hr.a",
    "delivery_channel": "Email",
    "sender": "hr-support@external-portal.com",
    "subject": "Updated employee policy",
    "attachment_name": "Policy_Update_2025.doc",
    "attachment_type": "doc",
    "user_action": "Attachment opened",
    "office_behavior": "Macro warning bypassed",
    "parent_process": "OUTLOOK.EXE",
    "spawned_process": "WINWORD.EXE",
    "timestamp": "2025-06-21T09:18:03",
    "analyst_decision": "TRUE",
    "decision_time": "2026-01-12T12:53:33.420697Z"
  },
  {
    "id": 103,
    "host": "WIN-015",
    "user": "backup.service",
    "process": "robocopy.exe",
    "command_line": "robocopy C:\\Data \\\\BACKUP01\\Daily /MIR",
    "behavior": "Scheduled backup job",
    "timestamp": "2025-06-21T01:00:02",
    "analyst_decision": "TRUE",
    "decision_time": "2026-01-12T12:53:34.034692Z"
  },
  {
    "id": 101,
    "host": "WIN-012",
    "user": "finance.a",
    "delivery_channel": "Email",
    "sender": "finance@partner-company.com",
    "subject": "Monthly budget draft",
    "attachment_name": "Budget_Draft_June.docm",
    "attachment_type": "docm",
    "user_action": "Attachment opened",
    "office_behavior": "Macro present but not executed",
    "parent_process": "OUTLOOK.EXE",
    "spawned_process": "WINWORD.EXE",
    "timestamp": "2025-06-20T16:11:03",
    "severity": "low",
    "analyst_decision": "TRUE",
    "decision_time": "2026-01-12T12:56:21.427768Z"
  },
  {
    "id": 4022,
    "host": "WIN-SRV-01",
    "process": "taskkill.exe",
    "command_line": "taskkill /IM explorer.exe /F",
    "event_type": "defense_evasion",
    "description": "Explorer process terminated to evade detection",
    "timestamp": "2025-06-21T08:51:02",
    "severity": "high",
    "country": "UK",
    "_handled": true,
    "decision": "TRUE",
    "time": "2026-01-12T13:18:42.958417Z"
  }
]