[
  {
    "id": 108,
    "host": "WIN-052",
    "user": "engineering.l",
    "delivery_channel": "Email",
    "sender": "noreply@github.com",
    "subject": "Security alert: new login detected",
    "attachment_name": "N/A",
    "attachment_type": "link",
    "user_action": "Link opened",
    "office_behavior": "Browser opened trusted domain",
    "parent_process": "OUTLOOK.EXE",
    "spawned_process": "chrome.exe",
    "timestamp": "2025-06-20T14:22:11",
    "analyst_decision": "FALSE",
    "decision_time": "2026-01-12T12:53:34.751683Z"
  },
  {
    "id": 107,
    "host": "WIN-047",
    "user": "project.p",
    "delivery_channel": "Teams",
    "sender": "project.lead@company.com",
    "subject": "Sprint planning notes",
    "attachment_name": "Sprint_Notes.docx",
    "attachment_type": "docx",
    "user_action": "File opened",
    "office_behavior": "No active content",
    "parent_process": "ms-teams.exe",
    "spawned_process": "WINWORD.EXE",
    "timestamp": "2025-06-20T13:04:37",
    "analyst_decision": "FALSE",
    "decision_time": "2026-01-12T12:53:35.814486Z"
  },
  {
    "id": 106,
    "host": "WIN-041",
    "user": "it.admin",
    "delivery_channel": "Email",
    "sender": "monitoring@company.com",
    "subject": "Weekly system health report",
    "attachment_name": "System_Report_Week25.html",
    "attachment_type": "html",
    "user_action": "Attachment opened",
    "office_behavior": "Local HTML rendered",
    "parent_process": "OUTLOOK.EXE",
    "spawned_process": "chrome.exe",
    "timestamp": "2025-06-20T08:15:03",
    "analyst_decision": "FALSE",
    "decision_time": "2026-01-12T12:53:36.187788Z"
  },
  {
    "id": 103,
    "host": "WIN-022",
    "user": "hr.manager",
    "delivery_channel": "Email",
    "sender": "hr@company.com",
    "subject": "Employee onboarding form",
    "attachment_name": "Onboarding_Form.docm",
    "attachment_type": "docm",
    "user_action": "Attachment opened",
    "office_behavior": "Digitally signed macro",
    "parent_process": "OUTLOOK.EXE",
    "spawned_process": "WINWORD.EXE",
    "timestamp": "2025-06-20T09:18:21",
    "analyst_decision": "FALSE",
    "decision_time": "2026-01-12T12:53:36.883577Z"
  },
  {
    "id": 108,
    "host": "WIN-044",
    "process": "cmd.exe",
    "command_line": "cmd.exe /c ipconfig /all",
    "behavior": "Local troubleshooting command",
    "timestamp": "2025-06-21T11:02:14",
    "analyst_decision": "FALSE",
    "decision_time": "2026-01-12T12:53:37.355665Z"
  },
  {
    "id": 113,
    "host": "WIN-071",
    "process": "taskeng.exe",
    "behavior": "Scheduled task execution",
    "details": "Daily disk cleanup",
    "timestamp": "2025-06-21T02:00:01",
    "analyst_decision": "FALSE",
    "decision_time": "2026-01-12T12:53:37.826554Z"
  },
  {
    "id": 102,
    "host": "WIN-018",
    "user": "legal.s",
    "delivery_channel": "Email",
    "sender": "contracts@trusted-lawfirm.com",
    "subject": "Contract revision – final",
    "attachment_name": "Contract_Final.doc",
    "attachment_type": "doc",
    "user_action": "Attachment opened",
    "office_behavior": "Protected View enabled",
    "parent_process": "OUTLOOK.EXE",
    "spawned_process": "WINWORD.EXE",
    "timestamp": "2025-06-20T17:02:44",
    "analyst_decision": "FALSE",
    "decision_time": "2026-01-12T12:53:38.274427Z"
  },
  {
    "id": 114,
    "host": "WIN-071",
    "process": "cleanmgr.exe",
    "behavior": "Disk cleanup utility executed",
    "timestamp": "2025-06-21T02:00:03",
    "analyst_decision": "FALSE",
    "decision_time": "2026-01-12T12:53:38.510891Z"
  },
  {
    "id": 101,
    "host": "WIN-012",
    "user": "finance.a",
    "delivery_channel": "Email",
    "sender": "finance@partner-company.com",
    "subject": "Monthly budget draft",
    "attachment_name": "Budget_Draft_June.docm",
    "attachment_type": "docm",
    "user_action": "Attachment opened",
    "office_behavior": "Macro present but not executed",
    "parent_process": "OUTLOOK.EXE",
    "spawned_process": "WINWORD.EXE",
    "timestamp": "2025-06-20T16:11:03",
    "severity": "medium",
    "country": "France",
    "analyst_decision": "FALSE",
    "decision_time": "2026-01-12T13:06:42.175326Z"
  }
]